luokka,luokka_nimi,nimi,yritys,tyyppi,paikka,tuntiteho_MW,maksimiteho_MW,kayttovalmiudesta_poistettu_MW,paapolttoaine,varapolttoaine_1,varapolttoaine_2,markkinalla_11_12_2026,markkinalla_1_3_2027
A,Fingridin häiriöreservi,Forssa kt,Fingrid Oyj,Erillistuotanto,"Varavoimalantie 6, 30420 Forssa
",352.0,352.0,0.0,Keskiraskas öljy,,,False,False
A,Fingridin häiriöreservi,Huutokoski kt,Fingrid Oyj,Erillistuotanto,"Huutokoski, Joroinen",258.0,258.0,0.0,Keskiraskas öljy,,,False,False
A,Fingridin häiriöreservi,Olkiluoto kt,Fingrid Oyj,Erillistuotanto,"Olkiluoto KT 1 ja 2, Eurajoki",100.5,100.5,0.0,Keskiraskas öljy,,,False,False
A,Fingridin häiriöreservi,Porvoo Tolkkinen,Fingrid Oyj,Erillistuotanto,Tolkkinen kt,80.0,80.0,0.0,Keskiraskas öljy,,,False,False
A,Fingridin häiriöreservi,Kristiinankaupunki kt,Fingrid Oyj,Erillistuotanto,"Kristiinankaupunki kt 1, 2",60.0,60.0,0.0,Keskiraskas öljy,,,False,False
A,Fingridin häiriöreservi,Vanaja kt 1,Fingrid Oyj,Erillistuotanto,Vanaja kt,50.0,50.0,0.0,Keskiraskas öljy,,,False,False
A,Fingridin häiriöreservi,Naantali kt,Fingrid Oyj,Erillistuotanto,"Naantali kt 1, 2",40.0,40.0,0.0,Keskiraskas öljy,,,False,False
A,Fingridin häiriöreservi,Porvoo Kilpilahti,Fingrid Oyj,Erillistuotanto,Kilpilahti kt vvl,27.0,27.0,0.0,Keskiraskas öljy,,,False,False
B,Meri-Pori (HVK-varaus 31.12.2026 asti),Meri-Pori,"Fortum Power & Heat , Generation",Erillistuotanto,Meri-Pori,565.0,565.0,0.0,Kivihiili,Raskas öljy,Keskiraskas öljy,False,True
C,Muu erillistuotanto ≥10 MW,Kellosaari,Helen Oy,Erillistuotanto,Kellosaari,118.0,118.0,0.0,Keskiraskas öljy,,,True,True
C,Muu erillistuotanto ≥10 MW,Mertaniemi 1 ja 2 ,Lappeenrannan Lämpövoima Oy,Erillistuotanto,Mertaniemi 2,102.0,102.0,64.0,Keskiraskas öljy,Maakaasu,,True,True
C,Muu erillistuotanto ≥10 MW,"Röyttä, Tornio",Tornion Voima Oy,Erillistuotanto,Röyttä Tornio,43.0,43.0,0.0,Maakaasu,CO-kaasu,,True,True
C,Muu erillistuotanto ≥10 MW,Sopenkorpi,Lahti Energia Oy,Erillistuotanto,"Sopenkorpi Mestarinkatu 11, Lahti",13.6,14.5,0.0,Kevyt öljy,,,True,True
C,Muu erillistuotanto ≥10 MW,"Röyttä, Tornion tehtaat, 11 generaattoria",Outokumpu Stainless Oy,Erillistuotanto,Tornion Tehtaat Röyttä,12.0,16.0,0.0,Keskiraskas öljy,,,True,True
C,Muu erillistuotanto ≥10 MW,Wärtsilä tehdas,Wärtsilä Finland Oy,Erillistuotanto,Wärtsilä Engine Laboratory,10.4,10.4,0.0,Raskas öljy,Raskas öljy,Keskiraskas öljy,True,True
D,Kaukolämpö-CHP,Vuosaari B,Helen Oy,Kaukolämpö CHP,Vuosaari B-voimalaitos,470.0,485.0,0.0,Maakaasu,Keskiraskas öljy,,True,True
D,Kaukolämpö-CHP,Suomenojan voimalaitos,Fortum Power and Heat Oy,Kaukolämpö CHP,Suomenojan voimalaitos,276.0,276.0,0.0,Maakaasu,Keskiraskas öljy,,True,True
D,Kaukolämpö-CHP,Vaskiluoto 2,Vaskiluodon Voima Oy,Kaukolämpö CHP,Vaasa ( Vaskiluoto 2 ),230.0,230.0,0.0,Kivihiili,Raskas öljy,,True,True
D,Kaukolämpö-CHP,Vuosaari A,Helen Oy,Kaukolämpö CHP,Vuosaari A-voimalaitos,160.0,163.0,0.0,Maakaasu,Keskiraskas öljy,,True,True
D,Kaukolämpö-CHP,Lielahti,Tampereen Energia Oy,Kaukolämpö CHP,Lielahti,142.0,142.0,0.0,Maakaasu,Keskiraskas öljy,,True,True
D,Kaukolämpö-CHP,Keljonlahti,Jyväskylän Voima Oy,Kaukolämpö CHP,Keljonrannantie 276,140.0,190.0,0.0,Turve,"Metsäpolttoaine, puu",Teollisuuden puutähde,True,True
D,Kaukolämpö-CHP,Naantali,Turun Seudun Energiantuotanto Oy,Kaukolämpö CHP,Naantalin voimalaitos,120.0,130.0,0.0,"Metsäpolttoaine, puu",Teollisuuden puutähde,Kivihiili,True,True
D,Kaukolämpö-CHP,Seinäjoki (SEVO),Seinäjoen Voima Oy,Kaukolämpö CHP,Seinäjoki Sevo,120.0,120.0,0.0,Turve,Raskas öljy,Keskiraskas öljy,True,True
D,Kaukolämpö-CHP,"Lappeenranta, Kaukaan tehdas",Kaukaan Voima Oy,Kaukolämpö CHP,,119.0,119.0,0.0,Teollisuuden puutähde,Maakaasu,,True,True
D,Kaukolämpö-CHP,Haapaniemi,Kuopion Energia Oy,Kaukolämpö CHP,Haapaniemen voimalaitos,118.1,118.1,0.0,Turve,Raskas öljy,"Metsäpolttoaine, puu",True,True
D,Kaukolämpö-CHP,Toppila 2,Oulun Energia Oy,Kaukolämpö CHP,"Tervahovintie 10, Oulu, Toppila 2",98.0,98.0,0.0,Turve,Teollisuuden puutähde,Keskiraskas öljy,True,True
D,Kaukolämpö-CHP,Rauhalahti,Jyväskylän Energiantuotanto Oy,Kaukolämpö CHP,Rauhalahti,80.0,80.0,0.0,Turve,Teollisuuden puutähde,"Metsäpolttoaine, puu",True,True
D,Kaukolämpö-CHP,Vantaan jätevoimala,Vantaan Energia Oy,Kaukolämpö CHP,Vantaan Jätevoimala,76.4,81.4,0.0,Sekapolttoaineet,Maakaasu,Keskiraskas öljy,True,True
D,Kaukolämpö-CHP,Laanilan biovoimalaitos,Oulun Energia Oy,Kaukolämpö CHP,"Typpitie 3, Oulu, Laanilan biovoimalaitos",66.5,66.5,0.0,"Metsäpolttoaine, puu",Teollisuuden puutähde,Sekapolttoaineet,True,True
D,Kaukolämpö-CHP,Hämeenlinna,Loimua Oy,Kaukolämpö CHP,Hämeenlinna,65.0,65.0,0.0,"Metsäpolttoaine, puu",Turve,Maakaasu,True,True
D,Kaukolämpö-CHP,Naistenlahti 3,Tampereen Energia Oy,Kaukolämpö CHP,Naistenlahti 3,60.0,60.0,0.0,"Metsäpolttoaine, puu",Turve,Maakaasu,True,True
D,Kaukolämpö-CHP,Joensuu,Savon Voima Oyj,Kaukolämpö CHP,"Joensuu, Iiksenvaarantie 2",47.0,47.0,0.0,Turve,"Metsäpolttoaine, puu",Teollisuuden puutähde,True,True
D,Kaukolämpö-CHP,Hovinsaari,Kotkan Energia Oy,Kaukolämpö CHP,Hovinsaari,45.5,45.5,0.0,,,Maakaasu,True,True
D,Kaukolämpö-CHP,Kymijärvi 1,Lahti Energia Oy,Kaukolämpö CHP,"Kymijärvi Voimakatu 16, Lahti",45.0,45.0,125.0,Kivihiili,Maakaasu,Tuotekaasu,True,True
D,Kaukolämpö-CHP,Kymijärvi 2,Lahti Energia Oy,Kaukolämpö CHP,"Kymijärvi2 Voimakatu 16, Lahti",45.0,45.0,0.0,Tuotekaasu,Maakaasu,,True,True
D,Kaukolämpö-CHP,Martinlaakso,Vantaan Energia Oy,Kaukolämpö CHP,Martinlaakso,34.1,37.1,157.0,,,,True,True
D,Kaukolämpö-CHP,Suosiola,ROVANIEMEN ENERGIA OY,Kaukolämpö CHP,"Lampelankatu 24, Suosiola",30.0,30.0,0.0,Turve,Teollisuuden puutähde,"Metsäpolttoaine, puu",True,True
D,Kaukolämpö-CHP,Pursiala 1,ESE-Energia Oy,Kaukolämpö CHP,Pursiala 1 ,25.0,27.0,0.0,"Metsäpolttoaine, puu",Teollisuuden puutähde,Turve,True,True
D,Kaukolämpö-CHP,Järvenpää,Vantaan Energia Keski-Uusimaa Oy,Kaukolämpö CHP,"Voimalankatu, 04430 Järvenpää",23.8,23.8,0.0,"Metsäpolttoaine, puu",,,True,True
D,Kaukolämpö-CHP,Pursiala 2,ESE-Energia Oy,Kaukolämpö CHP,Pursiala 2,21.0,22.0,0.0,"Metsäpolttoaine, puu",Teollisuuden puutähde,Turve,True,True
D,Kaukolämpö-CHP,Riihimäki (Ekokem),EKOKEM OY AB,Kaukolämpö CHP,"Kuulojankatu 1, 11120 RIIHIMÄKI",19.6,19.6,0.0,Muut polttoaineena käytettävät sivu- ja jätetuotteet,Raskas öljy,Keskiraskas öljy,True,True
D,Kaukolämpö-CHP,Kerava,Keravan Lämpövoima Oy,Kaukolämpö CHP,"04260 Kerava, Alikeravantie 83",19.04,19.04,0.0,"Metsäpolttoaine, puu",Teollisuuden puutähde,Kasviperäiset polttoaineet ja muut peltobiomassat,True,True
D,Kaukolämpö-CHP,Kokkola,Kokkolan Energia Oy,Kaukolämpö CHP,Voimalaitos Voima,18.5,19.5,0.0,Teollisuuden puutähde,"Metsäpolttoaine, puu",Turve,True,True
D,Kaukolämpö-CHP,Tolkkinen 1,Porvoon Energia Oy,Kaukolämpö CHP,Tolkkinen,17.8,17.8,0.0,"Metsäpolttoaine, puu",Keskiraskas öljy,,True,True
D,Kaukolämpö-CHP,Savonlinna,Järvi-Suomen Voima Oy,Kaukolämpö CHP,Savonlinna,15.5,17.5,0.0,Teollisuuden puutähde,"Metsäpolttoaine, puu",Turve,True,True
D,Kaukolämpö-CHP,Iisalmi,Savon Voima Oyj,Kaukolämpö CHP,"Iisalmi, Energiakuja 3",15.0,15.0,0.0,Turve,"Metsäpolttoaine, puu",Teollisuuden puutähde,True,True
D,Kaukolämpö-CHP,Salo,Nevel Oy,Kaukolämpö CHP,Salo,13.5,13.5,0.0,"Metsäpolttoaine, puu",Kierrätyspuu,Turve,True,True
D,Kaukolämpö-CHP,Riikinvoima,Riikinvoima Oy,Kaukolämpö CHP,Riikinvoima,11.8,11.8,0.0,Sekapolttoaineet,Keskiraskas öljy,,True,True
D,Kaukolämpö-CHP,Energia-Tietola,Valkeakosken Energia Oy,Kaukolämpö CHP,Energia-Tietola,11.6,11.6,0.0,Maakaasu,,,True,True
D,Kaukolämpö-CHP,Tammervoima,Tammervoima Oy,Kaukolämpö CHP,Tammervoima / Hyötyvoimankuja 1,11.5,12.3,0.0,Muut polttoaineena käytettävät sivu- ja jätetuotteet,Keskiraskas öljy,Biokaasu,True,True
D,Kaukolämpö-CHP,Westenergy jätteenpolttolaitos, Vaasan Sähkö Oy (Westenergy Oy Ab),Kaukolämpö CHP,"Energiatie 37, 66530 Koivulahti",11.2,13.2,0.0,Sekapolttoaineet,,,True,True
D,Kaukolämpö-CHP,Pieksämäki,Savon Voima Oyj,Kaukolämpö CHP,"Pieksämäki, Kutteritie 2A",10.0,10.0,0.0,Turve,"Metsäpolttoaine, puu",Teollisuuden puutähde,True,True
D,Kaukolämpö-CHP,"Tolkkinen, Biolaitos",Porvoon Energia Oy,Kaukolämpö CHP,"Tolkkinen, Biolaitos",9.5,11.3,0.0,"Metsäpolttoaine, puu",Teollisuuden puutähde,Turve,True,True
D,Kaukolämpö-CHP,Harabacka,,Kaukolämpö CHP,Harabacka,9.4,9.6,0.0,Maakaasu,Keskiraskas öljy,,True,True
D,Kaukolämpö-CHP,Korvenmäen ekovoimalaitos,Lounavoima Oy,Kaukolämpö CHP,Korvenmäen ekovoimalaitos,8.3,9.6,0.0,Muut polttoaineena käytettävät sivu- ja jätetuotteet,Keskiraskas öljy,,True,True
D,Kaukolämpö-CHP,Ylivieska,Oy Perhonjoki AB,Kaukolämpö CHP,"Tulolantien voimalaitos, Ylivieska, Vieskan Voima",6.2,6.2,0.0,Turve,,,True,True
D,Kaukolämpö-CHP,Nikkilä,Keravan Energia Oy,Kaukolämpö CHP,Nikkilän voimalaitos,5.4,5.4,0.0,Maakaasu,Keskiraskas öljy,,True,True
D,Kaukolämpö-CHP,Nivala,Nivalan Kaukolämpö Oy,Kaukolämpö CHP,Lämpölä/Hyttitie 5 Nivala,5.3,5.3,0.0,"Metsäpolttoaine, puu",Raskas öljy,,True,True
D,Kaukolämpö-CHP,Kuusamo,Adven Oy,Kaukolämpö CHP,Kuusamon voimalaitos,5.2,6.0,0.0,Teollisuuden puutähde,Turve,,True,True
D,Kaukolämpö-CHP,Koneharju kt,Lahti Energia Oy,Kaukolämpö CHP,"Koneharju Koneharjunkatu, Lahti",4.6,4.6,0.0,Maakaasu,Keskiraskas öljy,,True,True
D,Kaukolämpö-CHP,Varissaari,Keuruun Lämpövoima Oy,Kaukolämpö CHP,Varissaari,4.5,4.5,0.0,"Metsäpolttoaine, puu",Turve,Keskiraskas öljy,True,True
D,Kaukolämpö-CHP,Kemijärvi,Kemijärven Lämpö ja Vesi Oy,Kaukolämpö CHP,Kemijärvi,4.0,4.0,0.0,"Metsäpolttoaine, puu",Turve,Teollisuuden puutähde,True,True
D,Kaukolämpö-CHP,Lapua,Kiviristin Lämpö Oy,Kaukolämpö CHP,Lapua,4.0,4.0,0.0,Turve,"Metsäpolttoaine, puu",Teollisuuden puutähde,True,True
D,Kaukolämpö-CHP,Savio,Keravan Energia Oy,Kaukolämpö CHP,Savion voimalaitos,3.9,3.9,0.0,Maakaasu,,,True,True
D,Kaukolämpö-CHP,Björknäs kraftvärmeverk,Raseborgs Energi,Kaukolämpö CHP,Björknäs kraftvärmeverk,3.7,3.7,0.0,,,,True,True
D,Kaukolämpö-CHP,Kerava,Keravan Energia Oy,Kaukolämpö CHP,Alikeravan voimalaitos,3.7,3.7,0.0,Maakaasu,,,True,True
D,Kaukolämpö-CHP,Ämmässuo,Helsingin seudun ympäristöpalvelut -kuntayhtymä,Kaukolämpö CHP,Ämmässuon jätteenkäsittelykeskus CHP1,3.7,15.700000000000001,0.0,Biokaasu,,,True,True
D,Kaukolämpö-CHP,Lemene KM1,Lempäälän Energia Oy,Kaukolämpö CHP,"Ruokosmetsänkatu 11, 37550 Lempäälä",3.0,3.0,0.0,Maakaasu,,,True,True
D,Kaukolämpö-CHP,Lemene KM2,Lempäälän Energia Oy,Kaukolämpö CHP,"Kalliokummuntie 28, 37550 Lempäälä",2.4,2.4,0.0,Maakaasu,,,True,True
D,Kaukolämpö-CHP,Ämmässuo 2,Helsingin seudun ympäristöpalvelut -kuntayhtymä,Kaukolämpö CHP,Ämmässuon jätteenkäsittelykeskus CHP2,1.54,3.125,0.0,Biokaasu,,,True,True
D,Kaukolämpö-CHP,Toholampi,Toholammin Energia Oy,Kaukolämpö CHP,Toholampi,1.3,1.3,0.0,"Metsäpolttoaine, puu",Teollisuuden puutähde,Teollisuuden puutähde,True,True
D,Kaukolämpö-CHP,Posion CHP-laitos,Posion Vesi ja Lämpö Oy,Kaukolämpö CHP,Posion Voimalaitos Rantatie 3 97900 Posio,0.6,0.6,0.0,"Metsäpolttoaine, puu","Metsäpolttoaine, puu",,True,True
D,Kaukolämpö-CHP,Naistenlahti 1,Tampereen Energia Oy,Kaukolämpö CHP,Naistenlahti 1,0.0,0.0,129.0,Maakaasu,Keskiraskas öljy,,True,True
D,Kaukolämpö-CHP,Vaskiluoto 3,PVO-Huippuvoima Oy,Kaukolämpö CHP,Vaasa  ( Vaskiluoto 3 ),0.0,0.0,164.0,Raskas öljy,,,True,True
E,Teollisuus-CHP,"Äänekoski, Biotuotetehdas",Metsä Fibre,Teollisuus CHP,"Äänekoski, Biotuotetehdas",280.0,280.0,0.0,Puunjalostusteolliuuden jäteliemet,,,True,True
E,Teollisuus-CHP,Kemin biotuotetehdas,Metsä Fibre Oy,Teollisuus CHP,Kemi,228.0,228.0,0.0,Puunjalostusteolliuuden jäteliemet,,,True,True
E,Teollisuus-CHP,Alholma AK 2,Oy Alholmens Kraft Ab,Teollisuus CHP,AK2,190.0,240.0,0.0,Turve,Kivihiili,Teollisuuden puutähde,True,True
E,Teollisuus-CHP,Anjalankoski,Stora Enso Publication Papers Oy Ltd,Teollisuus CHP,Inkeroinen (Kouvola),160.5,160.5,0.0,Teollisuuden puutähde,Sekapolttoaineet,,True,True
E,Teollisuus-CHP,Kirkniemi,Sappi Finland Oy,Teollisuus CHP,"Kirkniemi, Kirkniemen voimalaitos",128.0,128.0,0.0,Maakaasu,Keskiraskas öljy,,True,True
E,Teollisuus-CHP,Kaukopää,Stora Enso Oyj,Teollisuus CHP,Kaukopää,105.0,134.0,0.0,Puunjalostusteolliuuden jäteliemet,Teollisuuden puutähde,Maakaasu,True,True
E,Teollisuus-CHP,Oulu,"Stora Enso Oyj, Oulun tehdas",Teollisuus CHP,Oulu,100.0,105.0,0.0,Puunjalostusteolliuuden jäteliemet,Teollisuuden puutähde,Turve,True,True
E,Teollisuus-CHP,Pietarsaari (TG6),UPM-Kymmene Oyj,Teollisuus CHP,Pietarsaari,95.0,95.0,0.0,Puunjalostusteolliuuden jäteliemet,Raskas öljy,Biopolttonesteet,True,True
E,Teollisuus-CHP,Raahe,Raahen Voima Oyj,Teollisuus CHP,Raahe,94.0,94.0,0.0,Masuunikaasu,Koksikaasu,Maakaasu,True,True
E,Teollisuus-CHP,Kymi,UPM-Kymmene Oyj,Teollisuus CHP,"Kuusankoski, Kouvola",87.0,87.0,0.0,Puunjalostusteolliuuden jäteliemet,Maakaasu,Keskiraskas öljy,True,True
E,Teollisuus-CHP,Uimaharju 2 + 1 vp/lv,Stora Enso Oyj Enocellin tehdas,Teollisuus CHP,Uimaharjun voimalaitos,80.0,105.0,0.0,Puunjalostusteolliuuden jäteliemet,Teollisuuden puutähde,Keskiraskas öljy,True,True
E,Teollisuus-CHP,Kavo,Kainuun Voima Oy,Teollisuus CHP,Kavo,79.2,79.2,0.0,Turve,Teollisuuden puutähde,"Metsäpolttoaine, puu",True,True
E,Teollisuus-CHP,Kuusankoski bv,Kymin Voima Oy,Teollisuus CHP,Kuusankoski,76.0,76.0,0.0,Teollisuuden puutähde,Maakaasu,Keskiraskas öljy,True,True
E,Teollisuus-CHP,Pori,Porin Prosessivoima Oy,Teollisuus CHP,"Titaanitie, 28840 PORI",76.0,81.4,0.0,,,,True,True
E,Teollisuus-CHP,Porvoo kt 3,Kilpilahden Voimalaitos Oy,Teollisuus CHP,Porvoo kt 3,72.6,72.6,0.0,Maakaasu,Keskiraskas öljy,,True,True
E,Teollisuus-CHP,Kotka,Kotka Mills Oy,Teollisuus CHP,Kotka,72.0,72.0,0.0,Puunjalostusteolliuuden jäteliemet,Maakaasu,,True,True
E,Teollisuus-CHP,Nokia kombi,Leppäkoski Group Oy,Teollisuus CHP,Nokia Kombi,72.0,72.0,72.0,Maakaasu,Keskiraskas öljy,,True,True
E,Teollisuus-CHP,Joutseno,Metsä Fibre Oy,Teollisuus CHP,Metsä Fibre Joutsenon tehdas,70.0,85.0,0.0,Puunjalostusteolliuuden jäteliemet,Maakaasu,,True,True
E,Teollisuus-CHP,Kaukas,UPM-Kymmene Oyj,Teollisuus CHP,Lappeenranta,67.3,67.3,0.0,Puunjalostusteolliuuden jäteliemet,Maakaasu,,True,True
E,Teollisuus-CHP,Rauma,Rauman Biovoima Oy,Teollisuus CHP,Rauma,65.0,71.5,0.0,Teollisuuden puutähde,"Metsäpolttoaine, puu",Sekapolttoaineet,True,True
E,Teollisuus-CHP,Rauma,Metsä Fibre Oy,Teollisuus CHP,Metsä Fibre Rauman tehdas,55.0,75.0,0.0,Puunjalostusteolliuuden jäteliemet,Raskas öljy,,True,True
E,Teollisuus-CHP,Porvoo kt 2,Kilpilahden Voimalaitos Oy,Teollisuus CHP,Porvoo kt 2,48.0,48.0,0.0,Maakaasu,Keskiraskas öljy,,True,True
E,Teollisuus-CHP,Hinkismäki,KSS Energia Oy,Teollisuus CHP,Kouvola / Hinkismäki,45.0,45.0,0.0,Maakaasu,Keskiraskas öljy,,True,True
E,Teollisuus-CHP,Jämsänkoski bv,UPM Specialty Paper Oy,Teollisuus CHP,Jämsänkosken tehtaan voimalaitos,43.0,43.0,0.0,,,,True,True
E,Teollisuus-CHP,Kilpilahden voimalaitos,Kilpilahden Voimalaitos Oy,Teollisuus CHP,Porvoo,40.0,41.0,0.0,Raskas öljy,Raskas öljy,Maakaasu,True,True
E,Teollisuus-CHP,Tornio,Tornion Voima Oy,Teollisuus CHP,Tornio; Tornion voimalaitos,36.1,39.3,0.0,Turve,"Metsäpolttoaine, puu",Sekapolttoaineet,True,True
E,Teollisuus-CHP,Äänekoski ht,Metsä Fibre Oy Äänekosken voimalaitos,Teollisuus CHP,Metsä Fibre Oy Äänekosken voimalaitos,35.0,35.0,0.0,Teollisuuden puutähde,"Metsäpolttoaine, puu",Turve,True,True
E,Teollisuus-CHP,Varkaus lä ,Stora Enso Oyj,Teollisuus CHP,Varkaus,29.8,51.8,0.0,Puunjalostusteolliuuden jäteliemet,"Metsäpolttoaine, puu",Muut polttoaineena käytettävät sivu- ja jätetuotteet,True,True
E,Teollisuus-CHP,Kaipola,Kaipola Recycling Oy,Teollisuus CHP,Kaipola VP3,25.0,25.0,0.0,Sekapolttoaineet,Muut polttoaineena käytettävät sivu- ja jätetuotteet,Teollisuuden puutähde,True,True
E,Teollisuus-CHP,Kokkola,Kokkolan Energia Oy,Teollisuus CHP,Voimalaitos Power (ent. Kokkolan voimalaitos),25.0,27.0,120.0,Turve,"Metsäpolttoaine, puu",Teollisuuden puutähde,True,True
E,Teollisuus-CHP,"Siilinjärvi, V1 turb. ja vp turb.",Yara Suomi Oy,Teollisuus CHP,Siilinjärvi,22.0,25.1,0.0,Teollisuuden reaktiolämpö,Raskas öljy,,True,True
E,Teollisuus-CHP,Alholma AK 1,Oy Alholmens Kraft Ab,Teollisuus CHP,AK1,20.0,30.0,0.0,Teollisuuden puutähde,,Keskiraskas öljy,True,True
E,Teollisuus-CHP,Hämeenkyrö lä,Hämeenkyrön voima Oy,Teollisuus CHP,"Metsä Board, Kyron tehdasalue Hämeenkyrö",20.0,20.0,38.4,"Metsäpolttoaine, puu",Maakaasu,,True,True
E,Teollisuus-CHP,Simpele,Metsä Board Oyj,Teollisuus CHP,Simpele,19.6,19.6,0.0,Teollisuuden puutähde,Raskas öljy,,True,True
E,Teollisuus-CHP,Heinola vp,Stora Enso Oyj Heinolan Flutingtehdas,Teollisuus CHP,Heinolan Flutigtehdas,19.0,19.0,0.0,Turve,Teollisuuden puutähde,Puunjalostusteolliuuden jäteliemet,True,True
E,Teollisuus-CHP,Tako T2 ja T5,Metsä Board Oyj,Teollisuus CHP,"M-real Tako Board kartonkitehdas, Tampere",16.5,16.5,0.0,Maakaasu,Raskas öljy,,True,True
E,Teollisuus-CHP,Veitsiluoto,Stora Enso Veitsiluoto Oy,Teollisuus CHP,Veitsiluoto,15.0,25.0,0.0,Puunjalostusteolliuuden jäteliemet,Teollisuuden puutähde,Turve,True,True
E,Teollisuus-CHP,Kauttua,Adven Oy,Teollisuus CHP,Kauttuan voimalaitos,13.5,19.0,0.0,Turve,,,True,True
E,Teollisuus-CHP,Uusikaupunki,Yara Suomi Oy,Teollisuus CHP,"Uusukaupunki, Hangonsaari",13.5,14.2,0.0,Teollisuuden reaktiolämpö,Raskas öljy,,True,True
E,Teollisuus-CHP,Kiimassuo,Nevel Oy,Teollisuus CHP,Forssa,13.3,13.5,0.0,"Metsäpolttoaine, puu",Sekapolttoaineet,Teollisuuden puutähde,True,True
E,Teollisuus-CHP,Mänttä lä,Mäntän Energia Oy,Teollisuus CHP,Tehtaankatu 20 Mänttä,12.0,12.0,0.0,Turve,"Metsäpolttoaine, puu",Keskiraskas öljy,True,True
E,Teollisuus-CHP,Tervasaari vp,UPM Specialty Papers Oy,Teollisuus CHP,Tervasaari VP,12.0,25.0,16.0,"Metsäpolttoaine, puu",Teollisuuden puutähde,Maakaasu,True,True
E,Teollisuus-CHP,"Kuopio, Savon Sellu",Savon Sellu OY,Teollisuus CHP,Savon Sellu Vastapainevoimalaitos,11.9,20.5,0.0,Puunjalostusteolliuuden jäteliemet,Turve,Teollisuuden puutähde,True,True
E,Teollisuus-CHP,Tervakoski lä,Tervakoski Oy,Teollisuus CHP,Tervakoski,11.4,11.4,0.0,Maakaasu,Raskas öljy,,True,True
E,Teollisuus-CHP,Säkylä,Voimavasu Oy,Teollisuus CHP,Säkylä,8.8,8.8,0.0,Raskas öljy,,,True,True
E,Teollisuus-CHP,Ristiina,Järvi-Suomen Voima Oy,Teollisuus CHP,Ristiina,8.5,8.5,0.0,Teollisuuden puutähde,Raskas öljy,,True,True
E,Teollisuus-CHP,Hyötyvoimalaitos,Kotkan Energia Oy,Teollisuus CHP,Hyötyvoimalaitos,7.0,7.0,0.0,,Maakaasu,,True,True
E,Teollisuus-CHP,Lieksa Kevätniemi,Nevel Oy,Teollisuus CHP,Lieksa,7.0,7.0,0.0,Teollisuuden puutähde,"Metsäpolttoaine, puu",,True,True
E,Teollisuus-CHP,Ekovoimalaitos,Oulun Energia Oy,Teollisuus CHP,"Oulu, Laanila",5.0,10.0,0.0,Sekapolttoaineet,Keskiraskas öljy,Neste- tai jalostamokaasu,True,True
E,Teollisuus-CHP,Ikaalinen,Leppäkosken Lämpö Oy,Teollisuus CHP,"Ikaalinen, moottorivoimalaitos",4.5,6.0,6.0,Maakaasu,,,True,True
E,Teollisuus-CHP,Aittaluoto,Pori Energia Oy,Teollisuus CHP,Pori Aittaluoto,4.0,14.0,0.0,Turve,Teollisuuden puutähde,Teollisuuden puutähde,True,True
E,Teollisuus-CHP,Kuhmon Lämpö,Kuhmon Lämpö Oy,Teollisuus CHP,Kuhmo,4.0,4.0,0.0,Teollisuuden puutähde,Teollisuuden puutähde,Turve,True,True
E,Teollisuus-CHP,Vilppulan saha,Biokraft Oy,Teollisuus CHP,Vilppula,2.9,2.9,0.0,Teollisuuden puutähde,Teollisuuden puutähde,,True,True
E,Teollisuus-CHP,Ilomantsin pellettitehdas,Vapo Oy,Teollisuus CHP,Ilomantsi,2.7,2.8,0.0,Turve,Keskiraskas öljy,"Metsäpolttoaine, puu",True,True
E,Teollisuus-CHP,Haapavesi,Nevel Oy,Teollisuus CHP,Haapavesi,2.6,2.7,0.0,Teollisuuden puutähde,"Metsäpolttoaine, puu",Turve,True,True
E,Teollisuus-CHP,Viikinmäki,Helsingin Vesi,Teollisuus CHP,Viikinmäen jätevedenpuhdistamo,2.1,2.7,0.0,Biokaasu,Keskiraskas öljy,,True,True
E,Teollisuus-CHP,Kumpuniemi,Kumpuniemen Voima Oy,Teollisuus CHP,Vaneritehtaankatu 1 Suolahti,1.9,2.5,0.0,Teollisuuden puutähde,,,True,True
E,Teollisuus-CHP,Joutseno,FC Power,Teollisuus CHP,Joutseno,1.6,3.9,0.0,Muut erittelemättömät energialähteet,,,True,True
E,Teollisuus-CHP,Haminan höyrykattilalaitos,Haminan Energia Oy,Teollisuus CHP,Hamina,1.5,1.5,0.0,Maakaasu,,,True,True
E,Teollisuus-CHP,Vehmaa,Biovakka Suomi Oy,Teollisuus CHP,markku.ahlqvist@biovakka.fi,1.4,1.4,0.0,Biokaasu,,,True,True
E,Teollisuus-CHP,Rengon saha,Biokraft Oy,Teollisuus CHP,Renko,1.3,1.3,0.0,Teollisuuden puutähde,Teollisuuden puutähde,,True,True
E,Teollisuus-CHP,Sotkamo,Nevel Oy,Teollisuus CHP,Sotkamo,1.3,1.3,0.0,Turve,Teollisuuden puutähde,"Metsäpolttoaine, puu",True,True
E,Teollisuus-CHP,Järvelän vaneritehdas,Koskipower Oy,Teollisuus CHP,"Koskisen Oy, Järvelän levyteollisuus",1.0,1.6,0.0,Teollisuuden puutähde,"Metsäpolttoaine, puu",Keskiraskas öljy,True,True
E,Teollisuus-CHP,Tiihala,Virolan puutarha,Teollisuus CHP,"Tiihala, Kangasala",1.0,1.0,0.0,Kevyt öljy,,,True,True
E,Teollisuus-CHP,Topinojan Biokaasulaitos,Höyrytys Oy,Teollisuus CHP,Topinojan Biokaasulaitos,0.8,0.8,0.0,Biokaasu,Biokaasu,,True,True
E,Teollisuus-CHP,Heinola,Adven Oy,Teollisuus CHP,Heinola Vuorikatu 24 c,0.0,0.0,3.0,Teollisuuden puutähde,Keskiraskas öljy,Neste- tai jalostamokaasu,True,True
E,Teollisuus-CHP,Kaskinen lv ja vp,Metsä Fibre Oy,Teollisuus CHP,Metsä Fibre Kaskisten tehdas,0.0,0.0,7.5,Puunjalostusteolliuuden jäteliemet,Raskas öljy,Teollisuuden puutähde,True,True
E,Teollisuus-CHP,Kemi,Metsä Fibre Oy,Teollisuus CHP,Metsä Fibre Kemin tehdas,0.0,0.0,75.0,Puunjalostusteolliuuden jäteliemet,Teollisuuden puutähde,Keskiraskas öljy,True,True
E,Teollisuus-CHP,Pihlava,Pori Energia Oy,Teollisuus CHP,Pori Pihlava,0.0,0.0,1.4,Teollisuuden puutähde,Raskas öljy,,True,True
E,Teollisuus-CHP,Raisio,Raisionkaaren Teollisuuspuisto Oy,Teollisuus CHP,Raisio,0.0,0.0,0.0,Raskas öljy,,,True,True
F,Pienvaravoima <10 MW,Kankaanpää,Vatajankosken Sähkö Oy,Erillistuotanto,Kankaanpää,7.0,7.0,0.0,Keskiraskas öljy,,,False,False
F,Pienvaravoima <10 MW,Waskiluoto Validation Center,Wärtsilä Finland Oy,Erillistuotanto,Waskiluoto Validation Center,5.5,5.5,9.0,Raskas öljy,Raskas öljy,Keskiraskas öljy,False,False
F,Pienvaravoima <10 MW,Ruusutarhat,Ruusutarhat Suutari Oy,Erillistuotanto,Valkeala,2.7,2.7,0.0,Maakaasu,Keskiraskas öljy,,False,False
F,Pienvaravoima <10 MW,Harjavalta,Suomen Teollisuuden Energiapalvelut - STEP Oy,Erillistuotanto,Harjavalta,2.0,6.3,0.0,Raskas öljy,,,False,False
F,Pienvaravoima <10 MW,Sänkiaho,Alajärven Sähkö Oy,Erillistuotanto,Sänkiahon 110/ 20 kV sähköasema ,1.8,2.1,0.0,Keskiraskas öljy,,,False,False
F,Pienvaravoima <10 MW,"Hoikankangas, Kajaanin sähkölaitos",Puolustushallinnon rakennuslaitos,Erillistuotanto,"Hoikankangas, Kajaanin sähkölaitos",1.5,1.5,0.0,Kevyt öljy,,,False,False
F,Pienvaravoima <10 MW,Kantvik,Suomen Sokeri Oy,Erillistuotanto,Kantvik,1.3,1.25,4.2,Keskiraskas öljy,,,False,False
F,Pienvaravoima <10 MW,Lestijärvi,Verkko Korpela Oy,Erillistuotanto,Lestijärvi,1.3,1.3,0.0,,,,False,False
F,Pienvaravoima <10 MW,Karvetti,Naantalin Energia Oy,Erillistuotanto,Rautakatu 7 Naantali,1.0,1.1,0.0,Keskiraskas öljy,Keskiraskas öljy,,False,False
F,Pienvaravoima <10 MW,Mäkipää Diesel,Vaasan Sähköverkko Oy,Erillistuotanto,Mäkipää Diesel,1.0,1.0,0.0,Keskiraskas öljy,,,False,False
F,Pienvaravoima <10 MW,Toholampi,Suomen Tehokierrätys Oy,Erillistuotanto,Toholampi Juustotie 2,1.0,1.0,0.0,Keskiraskas öljy,,,False,False
F,Pienvaravoima <10 MW,Sodankylän varuskunta,Puolustushallinnon rakennuslaitos,Erillistuotanto,Sodankylän varuskunta,0.9,0.9,0.0,Kevyt öljy,,,False,False
F,Pienvaravoima <10 MW,Koskensaari,Helsingin Rauta Oy,Erillistuotanto,Koskensaaren voimalaitos,0.8,1.2,0.0,Keskiraskas öljy,,,False,False
F,Pienvaravoima <10 MW,Savela,Jyväskylän Energiantuotanto Oy,Erillistuotanto,Savela,0.0,0.0,33.8,Raskas öljy,,,False,False
